{"IcoMoonType":"selection","icons":[{"icon":{"paths":["M366 708l196-196-196-196 60-60 256 256-256 256z"],"attrs":[{}],"isMulticolor":false,"isMulticolor2":false,"tags":["keyboard_arrow_right"],"grid":24},"attrs":[{}],"properties":{"order":1,"id":1,"prevSize":24,"code":59648,"name":"keyboard_arrow_right"},"setIdx":0,"setId":3,"iconIdx":0},{"icon":{"paths":["M658 708l-60 60-256-256 256-256 60 60-196 196z"],"attrs":[{}],"isMulticolor":false,"isMulticolor2":false,"tags":["keyboard_arrow_left"],"grid":24},"attrs":[{}],"properties":{"order":2,"id":0,"prevSize":24,"code":59649,"name":"keyboard_arrow_left"},"setIdx":0,"setId":3,"iconIdx":1}],"height":1024,"metadata":{"name":"icomoon"},"preferences":{"showGlyphs":true,"showQuickUse":true,"showQuickUse2":true,"showSVGs":true,"fontPref":{"prefix":"icon-","metadata":{"fontFamily":"icomoon"},"metrics":{"emSize":1024,"baseline":6.25,"whitespace":50},"embed":false},"imagePref":{"prefix":"icon-","png":true,"useClassSelector":true,"color":0,"bgColor":16777215,"classSelector":".icon"},"historySize":50,"showCodes":true,"gridSize":16}}